{"filter":false,"title":"database.json","tooltip":"/database.json","undoManager":{"mark":69,"position":69,"stack":[[{"start":{"row":0,"column":0},"end":{"row":0,"column":2},"action":"insert","lines":["[]"],"id":1}],[{"start":{"row":0,"column":1},"end":{"row":1,"column":0},"action":"insert","lines":["",""],"id":2},{"start":{"row":1,"column":0},"end":{"row":1,"column":4},"action":"insert","lines":["    "]}],[{"start":{"row":1,"column":4},"end":{"row":2,"column":0},"action":"insert","lines":["",""],"id":3},{"start":{"row":2,"column":0},"end":{"row":2,"column":4},"action":"insert","lines":["    "]}],[{"start":{"row":2,"column":4},"end":{"row":3,"column":0},"action":"insert","lines":["",""],"id":4},{"start":{"row":3,"column":0},"end":{"row":3,"column":4},"action":"insert","lines":["    "]}],[{"start":{"row":1,"column":4},"end":{"row":1,"column":5},"action":"insert","lines":["{"],"id":5}],[{"start":{"row":1,"column":5},"end":{"row":3,"column":5},"action":"insert","lines":["","        ","    }"],"id":6}],[{"start":{"row":5,"column":0},"end":{"row":5,"column":4},"action":"remove","lines":["    "],"id":7}],[{"start":{"row":3,"column":5},"end":{"row":4,"column":0},"action":"insert","lines":["",""],"id":8},{"start":{"row":4,"column":0},"end":{"row":4,"column":4},"action":"insert","lines":["    "]}],[{"start":{"row":4,"column":4},"end":{"row":5,"column":0},"action":"insert","lines":["",""],"id":9},{"start":{"row":5,"column":0},"end":{"row":5,"column":4},"action":"insert","lines":["    "]}],[{"start":{"row":5,"column":4},"end":{"row":5,"column":5},"action":"insert","lines":["{"],"id":10}],[{"start":{"row":5,"column":5},"end":{"row":7,"column":5},"action":"insert","lines":["","        ","    }"],"id":11}],[{"start":{"row":1,"column":4},"end":{"row":3,"column":5},"action":"remove","lines":["{","        ","    }"],"id":12},{"start":{"row":1,"column":4},"end":{"row":5,"column":1},"action":"insert","lines":["{","    \"student_id\": 3,","    \"name\": \"Diana\"","","}"]}],[{"start":{"row":5,"column":0},"end":{"row":5,"column":4},"action":"insert","lines":["    "],"id":13}],[{"start":{"row":3,"column":19},"end":{"row":4,"column":0},"action":"remove","lines":["",""],"id":14}],[{"start":{"row":5,"column":0},"end":{"row":8,"column":5},"action":"remove","lines":["    ","    {","        ","    }"],"id":15},{"start":{"row":5,"column":0},"end":{"row":5,"column":1},"action":"insert","lines":["\\"]}],[{"start":{"row":5,"column":0},"end":{"row":5,"column":1},"action":"remove","lines":["\\"],"id":17}],[{"start":{"row":5,"column":0},"end":{"row":5,"column":4},"action":"insert","lines":["    "],"id":18}],[{"start":{"row":5,"column":4},"end":{"row":9,"column":1},"action":"insert","lines":["{","    \"student_id\": 3,","    \"name\": \"Diana\"","","}"],"id":19}],[{"start":{"row":7,"column":19},"end":{"row":8,"column":0},"action":"remove","lines":["",""],"id":20}],[{"start":{"row":8,"column":0},"end":{"row":8,"column":4},"action":"insert","lines":["    "],"id":21}],[{"start":{"row":2,"column":18},"end":{"row":2,"column":19},"action":"remove","lines":["3"],"id":22}],[{"start":{"row":2,"column":18},"end":{"row":2,"column":19},"action":"insert","lines":["0"],"id":23}],[{"start":{"row":3,"column":17},"end":{"row":3,"column":18},"action":"remove","lines":["a"],"id":24}],[{"start":{"row":3,"column":16},"end":{"row":3,"column":17},"action":"remove","lines":["n"],"id":25}],[{"start":{"row":3,"column":15},"end":{"row":3,"column":16},"action":"remove","lines":["a"],"id":26}],[{"start":{"row":3,"column":14},"end":{"row":3,"column":15},"action":"remove","lines":["i"],"id":27}],[{"start":{"row":3,"column":13},"end":{"row":3,"column":14},"action":"remove","lines":["D"],"id":28}],[{"start":{"row":3,"column":13},"end":{"row":3,"column":14},"action":"insert","lines":["C"],"id":29}],[{"start":{"row":3,"column":14},"end":{"row":3,"column":15},"action":"insert","lines":["l"],"id":30}],[{"start":{"row":3,"column":15},"end":{"row":3,"column":16},"action":"insert","lines":["a"],"id":31}],[{"start":{"row":3,"column":16},"end":{"row":3,"column":17},"action":"insert","lines":["u"],"id":32}],[{"start":{"row":3,"column":17},"end":{"row":3,"column":18},"action":"insert","lines":["d"],"id":33}],[{"start":{"row":3,"column":18},"end":{"row":3,"column":19},"action":"insert","lines":["i"],"id":34}],[{"start":{"row":3,"column":19},"end":{"row":3,"column":20},"action":"insert","lines":["u"],"id":35}],[{"start":{"row":2,"column":4},"end":{"row":2,"column":20},"action":"remove","lines":["\"student_id\": 0,"],"id":36}],[{"start":{"row":2,"column":0},"end":{"row":2,"column":4},"action":"remove","lines":["    "],"id":37}],[{"start":{"row":1,"column":5},"end":{"row":2,"column":0},"action":"remove","lines":["",""],"id":38}],[{"start":{"row":2,"column":21},"end":{"row":2,"column":22},"action":"insert","lines":[","],"id":39}],[{"start":{"row":2,"column":22},"end":{"row":3,"column":0},"action":"insert","lines":["",""],"id":40},{"start":{"row":3,"column":0},"end":{"row":3,"column":4},"action":"insert","lines":["    "]}],[{"start":{"row":3,"column":4},"end":{"row":3,"column":6},"action":"insert","lines":["\"\""],"id":41}],[{"start":{"row":3,"column":5},"end":{"row":3,"column":6},"action":"insert","lines":["a"],"id":42}],[{"start":{"row":3,"column":6},"end":{"row":3,"column":7},"action":"insert","lines":["g"],"id":43}],[{"start":{"row":3,"column":7},"end":{"row":3,"column":8},"action":"insert","lines":["e"],"id":44}],[{"start":{"row":3,"column":9},"end":{"row":3,"column":10},"action":"insert","lines":[":"],"id":45}],[{"start":{"row":3,"column":10},"end":{"row":3,"column":11},"action":"insert","lines":[" "],"id":46}],[{"start":{"row":3,"column":11},"end":{"row":3,"column":12},"action":"insert","lines":["2"],"id":47}],[{"start":{"row":3,"column":12},"end":{"row":3,"column":13},"action":"insert","lines":["1"],"id":48}],[{"start":{"row":5,"column":4},"end":{"row":8,"column":5},"action":"remove","lines":["{","    \"student_id\": 3,","    \"name\": \"Diana\"","    }"],"id":49},{"start":{"row":5,"column":4},"end":{"row":8,"column":5},"action":"insert","lines":["{","    \"name\": \"Claudiu\",","    \"age\": 21","    }"]}],[{"start":{"row":6,"column":13},"end":{"row":6,"column":20},"action":"remove","lines":["Claudiu"],"id":50},{"start":{"row":6,"column":13},"end":{"row":6,"column":14},"action":"insert","lines":["A"]}],[{"start":{"row":6,"column":14},"end":{"row":6,"column":15},"action":"insert","lines":["l"],"id":51}],[{"start":{"row":6,"column":15},"end":{"row":6,"column":16},"action":"insert","lines":["e"],"id":52}],[{"start":{"row":6,"column":16},"end":{"row":6,"column":17},"action":"insert","lines":["x"],"id":53}],[{"start":{"row":7,"column":12},"end":{"row":7,"column":13},"action":"remove","lines":["1"],"id":54}],[{"start":{"row":7,"column":11},"end":{"row":7,"column":12},"action":"remove","lines":["2"],"id":55}],[{"start":{"row":7,"column":11},"end":{"row":7,"column":12},"action":"insert","lines":["1"],"id":56}],[{"start":{"row":7,"column":12},"end":{"row":7,"column":13},"action":"insert","lines":["7"],"id":57}],[{"start":{"row":8,"column":5},"end":{"row":9,"column":0},"action":"insert","lines":["",""],"id":58},{"start":{"row":9,"column":0},"end":{"row":9,"column":4},"action":"insert","lines":["    "]}],[{"start":{"row":9,"column":4},"end":{"row":12,"column":5},"action":"insert","lines":["{","    \"name\": \"Claudiu\",","    \"age\": 21","    }"],"id":59}],[{"start":{"row":13,"column":0},"end":{"row":13,"column":4},"action":"remove","lines":["    "],"id":60}],[{"start":{"row":4,"column":5},"end":{"row":5,"column":0},"action":"insert","lines":["",""],"id":61},{"start":{"row":5,"column":0},"end":{"row":5,"column":4},"action":"insert","lines":["    "]}],[{"start":{"row":9,"column":5},"end":{"row":10,"column":0},"action":"insert","lines":["",""],"id":62},{"start":{"row":10,"column":0},"end":{"row":10,"column":4},"action":"insert","lines":["    "]}],[{"start":{"row":12,"column":13},"end":{"row":12,"column":20},"action":"remove","lines":["Claudiu"],"id":63},{"start":{"row":12,"column":13},"end":{"row":12,"column":14},"action":"insert","lines":["A"]}],[{"start":{"row":12,"column":14},"end":{"row":12,"column":15},"action":"insert","lines":["l"],"id":64}],[{"start":{"row":12,"column":15},"end":{"row":12,"column":16},"action":"insert","lines":["i"],"id":65}],[{"start":{"row":12,"column":16},"end":{"row":12,"column":17},"action":"insert","lines":["n"],"id":66}],[{"start":{"row":13,"column":12},"end":{"row":13,"column":13},"action":"remove","lines":["1"],"id":67}],[{"start":{"row":13,"column":11},"end":{"row":13,"column":12},"action":"remove","lines":["2"],"id":68}],[{"start":{"row":13,"column":11},"end":{"row":13,"column":12},"action":"insert","lines":["1"],"id":69}],[{"start":{"row":13,"column":12},"end":{"row":13,"column":13},"action":"insert","lines":["5"],"id":70}],[{"start":{"row":14,"column":5},"end":{"row":15,"column":0},"action":"remove","lines":["",""],"id":71}]]},"ace":{"folds":[],"scrolltop":0,"scrollleft":0,"selection":{"start":{"row":14,"column":5},"end":{"row":14,"column":5},"isBackwards":false},"options":{"guessTabSize":true,"useWrapMode":false,"wrapToView":true},"firstLineState":0},"timestamp":1508584488653,"hash":"2bc5ec2ab54ff477cb525fc779732acb1025a8bf"}