{"filter":false,"title":"example.json","tooltip":"/example.json","undoManager":{"mark":2,"position":2,"stack":[[{"start":{"row":0,"column":0},"end":{"row":4,"column":10},"action":"insert","lines":["import json","","with open(\"curs2/example.json\", \"r\") as json_data:","    data = json.load(json_data)","print data"],"id":1}],[{"start":{"row":0,"column":0},"end":{"row":4,"column":10},"action":"remove","lines":["import json","","with open(\"curs2/example.json\", \"r\") as json_data:","    data = json.load(json_data)","print data"],"id":2},{"start":{"row":0,"column":0},"end":{"row":4,"column":10},"action":"insert","lines":["import json","","with open(\"curs2/example.json\", \"r\") as json_data:","    data = json.load(json_data)","print data"]}],[{"start":{"row":0,"column":0},"end":{"row":4,"column":10},"action":"remove","lines":["import json","","with open(\"curs2/example.json\", \"r\") as json_data:","    data = json.load(json_data)","print data"],"id":3},{"start":{"row":0,"column":0},"end":{"row":4,"column":1},"action":"insert","lines":["{","    \"student_id\": 3,","    \"name\": \"Diana\"","","}"]}]]},"ace":{"folds":[],"scrolltop":0,"scrollleft":0,"selection":{"start":{"row":4,"column":1},"end":{"row":4,"column":1},"isBackwards":false},"options":{"guessTabSize":true,"useWrapMode":false,"wrapToView":true},"firstLineState":0},"timestamp":1508305254914,"hash":"4c49832a80c90162545e95d6f9d7862d5f9bff59"}